"Source","Destination","SourceSHA256","DestinationSHA256","Adjustment"
"F:\ClaudeWork\qiuqiu-coop\docs\角色提案_噹噹_反彈護衛貓_2026-09-16.png","F:\ClaudeWork\qiuqiu-coop\docs\噹噹_角色設計\01_角色與角度\角色提案_噹噹_反彈護衛貓_2026-09-16.png","6726407C04CC5684156E16A374B82F2569E0D4749855C9A3535DE306CE59E12F","6726407C04CC5684156E16A374B82F2569E0D4749855C9A3535DE306CE59E12F","內容完整複製"
"F:\ClaudeWork\qiuqiu-coop\docs\角色提案_噹噹_正面與左右側面_2026-09-16.png","F:\ClaudeWork\qiuqiu-coop\docs\噹噹_角色設計\01_角色與角度\角色提案_噹噹_正面與左右側面_2026-09-16.png","998629F9C8BC33D85E4B457E1A50329B19019275C9427517081E04DD58AD61A2","998629F9C8BC33D85E4B457E1A50329B19019275C9427517081E04DD58AD61A2","內容完整複製"
"F:\ClaudeWork\qiuqiu-coop\docs\角色提案_噹噹_繪圖提示_2026-09-16.md","F:\ClaudeWork\qiuqiu-coop\docs\噹噹_角色設計\01_角色與角度\角色提案_噹噹_繪圖提示_2026-09-16.md","D0DA793F6A989B571A1598A0C1494BA2D5B333B4663B3DDA3C8F373DB0186E33","D0DA793F6A989B571A1598A0C1494BA2D5B333B4663B3DDA3C8F373DB0186E33","內容完整複製"
"F:\ClaudeWork\qiuqiu-coop\docs\角色提案_噹噹_三視角繪圖提示_2026-09-16.md","F:\ClaudeWork\qiuqiu-coop\docs\噹噹_角色設計\01_角色與角度\角色提案_噹噹_三視角繪圖提示_2026-09-16.md","A4C0E809CCB68390188CFE753CCB80EA209BA5D0B6540AD769BAD97D17B97F20","A4C0E809CCB68390188CFE753CCB80EA209BA5D0B6540AD769BAD97D17B97F20","內容完整複製"
"F:\ClaudeWork\qiuqiu-coop\docs\噹噹_戰鬥動作_側面修正版_2026-09-16\01_攻擊.png","F:\ClaudeWork\qiuqiu-coop\docs\噹噹_角色設計\02_戰鬥動作_側面修正版\01_攻擊.png","871514BDF16F23168CEC719D06ABF5E91F47CC1C48E65950DCC5E58E1600789A","871514BDF16F23168CEC719D06ABF5E91F47CC1C48E65950DCC5E58E1600789A","內容完整複製"
"F:\ClaudeWork\qiuqiu-coop\docs\噹噹_戰鬥動作_側面修正版_2026-09-16\02_格擋.png","F:\ClaudeWork\qiuqiu-coop\docs\噹噹_角色設計\02_戰鬥動作_側面修正版\02_格擋.png","48ADECB9FD7206123AE2F3D2BBFD9B68DED77C082702F02CBCE19BECBA32305F","48ADECB9FD7206123AE2F3D2BBFD9B68DED77C082702F02CBCE19BECBA32305F","內容完整複製"
"F:\ClaudeWork\qiuqiu-coop\docs\噹噹_戰鬥動作_側面修正版_2026-09-16\03_反彈.png","F:\ClaudeWork\qiuqiu-coop\docs\噹噹_角色設計\02_戰鬥動作_側面修正版\03_反彈.png","9CACBD12F7CA388BF0D819CF0F1BE208CF32B571DD8C8E65DB255233D9E2D07C","9CACBD12F7CA388BF0D819CF0F1BE208CF32B571DD8C8E65DB255233D9E2D07C","內容完整複製"
"F:\ClaudeWork\qiuqiu-coop\docs\噹噹_戰鬥動作_側面修正版_2026-09-16\04_蓄力.png","F:\ClaudeWork\qiuqiu-coop\docs\噹噹_角色設計\02_戰鬥動作_側面修正版\04_蓄力.png","0F46DBFA63A3028E073C6D5A169FDEFC85CE93CE7A5AB4262EA8AFBB3260A9E7","0F46DBFA63A3028E073C6D5A169FDEFC85CE93CE7A5AB4262EA8AFBB3260A9E7","內容完整複製"
"F:\ClaudeWork\qiuqiu-coop\docs\噹噹_戰鬥動作_側面修正版_2026-09-16\05_受擊.png","F:\ClaudeWork\qiuqiu-coop\docs\噹噹_角色設計\02_戰鬥動作_側面修正版\05_受擊.png","5F3493124631077C2B6D5FA0343E130F4CF8C1524EF95C4A4B4BF03C19AA79F4","5F3493124631077C2B6D5FA0343E130F4CF8C1524EF95C4A4B4BF03C19AA79F4","內容完整複製"
"F:\ClaudeWork\qiuqiu-coop\docs\噹噹_戰鬥動作_側面修正版_2026-09-16\動作圖與繪圖提示.md","F:\ClaudeWork\qiuqiu-coop\docs\噹噹_角色設計\02_戰鬥動作_側面修正版\動作圖與繪圖提示.md","99903B9B3B1C1DE5E2C1981016B9E1C4C9A506F489A8AEA211313D471702792E","E70F6057091963D0947B90878CCF2A4D9E57C077EB3C3CE3B2D91DBF3C8E33D2","僅更新圖片連結至整理後資料夾"
"F:\ClaudeWork\qiuqiu-coop\docs\噹噹_戰鬥動作_2026-09-16\01_攻擊.png","F:\ClaudeWork\qiuqiu-coop\docs\噹噹_角色設計\03_早期戰鬥動作_斜側面\01_攻擊.png","9A789F1AEB2A52ABDE0D7F59D13C13860EC34FAD186CD9330C6A5DDB7E2F897B","9A789F1AEB2A52ABDE0D7F59D13C13860EC34FAD186CD9330C6A5DDB7E2F897B","內容完整複製"
"F:\ClaudeWork\qiuqiu-coop\docs\噹噹_戰鬥動作_2026-09-16\02_格擋.png","F:\ClaudeWork\qiuqiu-coop\docs\噹噹_角色設計\03_早期戰鬥動作_斜側面\02_格擋.png","6EA1A359635A9B5B9E6B97F478349318EFA9B09D353E9CE71351ECE7289D140E","6EA1A359635A9B5B9E6B97F478349318EFA9B09D353E9CE71351ECE7289D140E","內容完整複製"
"F:\ClaudeWork\qiuqiu-coop\docs\噹噹_戰鬥動作_2026-09-16\03_反彈.png","F:\ClaudeWork\qiuqiu-coop\docs\噹噹_角色設計\03_早期戰鬥動作_斜側面\03_反彈.png","98F3C5FC71D0052075CD0E95C4AA4205681C6FD2B25611B8E4CF8E3C9B1C8A39","98F3C5FC71D0052075CD0E95C4AA4205681C6FD2B25611B8E4CF8E3C9B1C8A39","內容完整複製"
"F:\ClaudeWork\qiuqiu-coop\docs\噹噹_戰鬥動作_2026-09-16\04_蓄力.png","F:\ClaudeWork\qiuqiu-coop\docs\噹噹_角色設計\03_早期戰鬥動作_斜側面\04_蓄力.png","84290949F0B97C6931E9A8A65EFC19D5B7623CDDA409A608CAC72251B430936E","84290949F0B97C6931E9A8A65EFC19D5B7623CDDA409A608CAC72251B430936E","內容完整複製"
"F:\ClaudeWork\qiuqiu-coop\docs\噹噹_戰鬥動作_2026-09-16\05_受擊.png","F:\ClaudeWork\qiuqiu-coop\docs\噹噹_角色設計\03_早期戰鬥動作_斜側面\05_受擊.png","DFA4FDB2F4DABBA84DBD429B17ADC730D7E7A79018FE9BC9C54EE6346925EC4F","DFA4FDB2F4DABBA84DBD429B17ADC730D7E7A79018FE9BC9C54EE6346925EC4F","內容完整複製"
"F:\ClaudeWork\qiuqiu-coop\docs\噹噹_戰鬥動作_2026-09-16\動作圖與繪圖提示.md","F:\ClaudeWork\qiuqiu-coop\docs\噹噹_角色設計\03_早期戰鬥動作_斜側面\動作圖與繪圖提示.md","30FC8997592D53E2BEB6E8AD24F5EDF6FC5EFD2FACB589737EFE3F0DD99D26EF","ADBDC09B22AC805544C32D9B7AF3C9BD7CCEBC63277FF1A4D2A4E62613925D62","僅更新圖片連結至整理後資料夾"
